adjustment,mean_r2,r2_Q0_TOTAL_ASSETS,r2_Q0_TOTAL_LIABILITIES,r2_Q0_TOTAL_STOCKHOLDERS_EQUITY,r2_Q0_GROSS_PROFIT,r2_Q0_COST_OF_REVENUES,r2_Q0_REVENUES,r2_Q0_OPERATING_INCOME,r2_Q0_OPERATING_EXPENSES,r2_Q0_EBITDA
none,0.8491283658094627,0.7259305322109342,0.9188661828443312,0.30727956544968404,0.9836705649817499,0.9643776971140351,0.9732316430000959,0.8187370133171257,0.9874580319233894,0.9626040614438194
gross_profit_identity,0.8467014965070178,0.7259305322109342,0.9188661828443312,0.30727956544968404,0.9618287412597456,0.9643776971140351,0.9732316430000959,0.8187370133171257,0.9874580319233894,0.9626040614438194
balance_sheet_equity,0.8419183462652661,0.7259305322109342,0.9188661828443312,0.24238938955191425,0.9836705649817499,0.9643776971140351,0.9732316430000959,0.8187370133171257,0.9874580319233894,0.9626040614438194
operating_income_identity,0.3473142316031288,0.7259305322109342,0.9188661828443312,0.30727956544968404,0.9836705649817499,0.9643776971140351,0.9732316430000959,-3.69759019453988,0.9874580319233894,0.9626040614438194
income_statement_identity,0.33533838677091254,0.7259305322109342,0.9188661828443312,0.30727956544968404,0.9618287412597456,0.9643776971140351,0.9732316430000959,-3.783530974307822,0.9874580319233894,0.9626040614438194
balance_and_income_identity,0.3281283672267159,0.7259305322109342,0.9188661828443312,0.24238938955191425,0.9618287412597456,0.9643776971140351,0.9732316430000959,-3.783530974307822,0.9874580319233894,0.9626040614438194
