adjustment,mean_r2,r2_Q0_TOTAL_ASSETS,r2_Q0_TOTAL_LIABILITIES,r2_Q0_TOTAL_STOCKHOLDERS_EQUITY,r2_Q0_GROSS_PROFIT,r2_Q0_COST_OF_REVENUES,r2_Q0_REVENUES,r2_Q0_OPERATING_INCOME,r2_Q0_OPERATING_EXPENSES,r2_Q0_EBITDA
none,0.8201419024079736,0.6069968127271084,0.8761952760440881,0.21643240122863616,0.9826203458607919,0.9648730019875794,0.9731137301391801,0.8117222609802343,0.9873142444298292,0.9620090482743154
gross_profit_identity,0.817643911670346,0.6069968127271084,0.8761952760440881,0.21643240122863616,0.9601384292221427,0.9648730019875794,0.9731137301391801,0.8117222609802343,0.9873142444298292,0.9620090482743154
balance_sheet_equity,0.7983371609497835,0.6069968127271084,0.8761952760440881,0.02018972810492481,0.9826203458607919,0.9648730019875794,0.9731137301391801,0.8117222609802343,0.9873142444298292,0.9620090482743154
operating_income_identity,0.3205921384134609,0.6069968127271084,0.8761952760440881,0.21643240122863616,0.9826203458607919,0.9648730019875794,0.9731137301391801,-3.684225614970381,0.9873142444298292,0.9620090482743154
income_statement_identity,0.3005484886191593,0.6069968127271084,0.8761952760440881,0.21643240122863616,0.9601384292221427,0.9648730019875794,0.9731137301391801,-3.842136546480446,0.9873142444298292,0.9620090482743154
balance_and_income_identity,0.27874374716096917,0.6069968127271084,0.8761952760440881,0.02018972810492481,0.9601384292221427,0.9648730019875794,0.9731137301391801,-3.842136546480446,0.9873142444298292,0.9620090482743154
