adjustment,mean_r2,r2_Q0_TOTAL_ASSETS,r2_Q0_TOTAL_LIABILITIES,r2_Q0_TOTAL_STOCKHOLDERS_EQUITY,r2_Q0_GROSS_PROFIT,r2_Q0_COST_OF_REVENUES,r2_Q0_REVENUES,r2_Q0_OPERATING_INCOME,r2_Q0_OPERATING_EXPENSES,r2_Q0_EBITDA
none,0.8572266051577525,0.7034889702665642,0.911212854578829,0.40086690788760915,0.984133093036147,0.9644480319003591,0.9728831573820925,0.8268065956859505,0.987440990901597,0.9637588447806247
balance_sheet_equity,0.8367442791735059,0.7034889702665642,0.911212854578829,0.2165259740293899,0.984133093036147,0.9644480319003591,0.9728831573820925,0.8268065956859505,0.987440990901597,0.9637588447806247
gross_profit_identity,0.8546540264341213,0.7034889702665642,0.911212854578829,0.40086690788760915,0.9609798845234666,0.9644480319003591,0.9728831573820925,0.8268065956859505,0.987440990901597,0.9637588447806247
operating_income_identity,0.3626199434853034,0.7034889702665642,0.911212854578829,0.40086690788760915,0.984133093036147,0.9644480319003591,0.9728831573820925,-3.624653359366092,0.987440990901597,0.9637588447806247
income_statement_identity,0.3421405036581498,0.7034889702665642,0.911212854578829,0.40086690788760915,0.9609798845234666,0.9644480319003591,0.9728831573820925,-3.7858151092977934,0.987440990901597,0.9637588447806247
balance_and_income_identity,0.32165817767390326,0.7034889702665642,0.911212854578829,0.2165259740293899,0.9609798845234666,0.9644480319003591,0.9728831573820925,-3.7858151092977934,0.987440990901597,0.9637588447806247
