experiment_id,model_name,mean_r2,fold_mean_r2_std,runtime_seconds,notes,r2_Q0_TOTAL_ASSETS,r2_Q0_TOTAL_LIABILITIES,r2_Q0_TOTAL_STOCKHOLDERS_EQUITY,r2_Q0_GROSS_PROFIT,r2_Q0_COST_OF_REVENUES,r2_Q0_REVENUES,r2_Q0_OPERATING_INCOME,r2_Q0_OPERATING_EXPENSES,r2_Q0_EBITDA
B0,B0_baseline,-0.0011596870587813582,0.003978597625882518,0.025154200000542914,GroupKFold OOF baseline,-0.0020336533230573828,-0.00038126967556717517,-0.0051281082102816455,-0.0006181129106102023,-7.974426423906777e-05,-0.0002612180827830102,-0.00031889735827550503,-0.001342504322361826,-0.0002736753818564086
B1,B1_baseline,0.7226411589483116,0.10326727793824618,0.10538260000248556,GroupKFold OOF baseline,0.37171166587152094,0.6357224875711011,-0.144362062419078,0.9825808767600744,0.9614016918878225,0.97273360594969,0.7827114357191349,0.982135549293641,0.9591351799008979
B2,B2_baseline,0.33150149143256535,0.4687596560440033,0.11360960000092746,GroupKFold OOF baseline,0.5587405683214817,0.861749312870751,-0.06439975623387961,0.46378523916404757,0.8484451326053366,0.6616814359232217,-1.582000659085026,0.9156888062716461,0.3198233430555094
B3,B3_baseline,0.5004144967810288,0.21164809335653958,0.5470521000061126,GroupKFold OOF baseline,0.22737451606538794,0.41107539063721044,-0.1688259311915059,0.7702925947097962,0.8415691338541521,0.8005535830852916,-0.05300489681380682,0.9338463908970659,0.740849689785668
B4,B4_baseline,0.7830834896750798,0.1290854128624079,2.092508799989446,GroupKFold OOF baseline,0.5587405683214817,0.861749312870751,-0.05296033455914251,0.9825808767600744,0.9640167055770786,0.9727981379517838,0.8117222631369777,0.9870948285268982,0.9620090484898162
