target,members,weights,oof_r2,coarse_step,fine_step,fine_radius
Q0_TOTAL_ASSETS,"B4,M3d,M4","0.00,0.34,0.66",0.7259305322109342,0.05,0.01,0.05
Q0_TOTAL_LIABILITIES,"B4,M3d,M4","0.00,0.00,1.00",0.9188661828443312,0.05,0.01,0.05
Q0_TOTAL_STOCKHOLDERS_EQUITY,"B4,M3d,M4","0.00,0.69,0.31",0.30727956544968404,0.05,0.01,0.05
Q0_GROSS_PROFIT,"B4,M3d,M4","0.00,0.00,1.00",0.9836705649817499,0.05,0.01,0.05
Q0_COST_OF_REVENUES,"B4,M3d,M4","0.00,0.00,1.00",0.9643776971140351,0.05,0.01,0.05
Q0_REVENUES,"B4,M3d,M4","0.00,0.00,1.00",0.9732316430000959,0.05,0.01,0.05
Q0_OPERATING_INCOME,"B4,M3d,M4","0.00,0.00,1.00",0.8187370133171257,0.05,0.01,0.05
Q0_OPERATING_EXPENSES,"B4,M3d,M4","0.17,0.03,0.80",0.9874580319233894,0.05,0.01,0.05
Q0_EBITDA,"B4,M3d,M4","0.00,0.00,1.00",0.9626040614438194,0.05,0.01,0.05
