target,members,weights,oof_r2,coarse_step,fine_step,fine_radius
Q0_TOTAL_ASSETS,"B4,M3d,M4","0.00,0.24,0.76",0.6069968127271084,0.05,0.01,0.05
Q0_TOTAL_LIABILITIES,"B4,M3d,M4","0.00,0.00,1.00",0.8761952760440881,0.05,0.01,0.05
Q0_TOTAL_STOCKHOLDERS_EQUITY,"B4,M3d,M4","0.00,0.85,0.15",0.21643240122863616,0.05,0.01,0.05
Q0_GROSS_PROFIT,"B4,M3d,M4","0.00,0.00,1.00",0.9826203458607919,0.05,0.01,0.05
Q0_COST_OF_REVENUES,"B4,M3d,M4","0.00,0.00,1.00",0.9648730019875794,0.05,0.01,0.05
Q0_REVENUES,"B4,M3d,M4","0.00,0.00,1.00",0.9731137301391801,0.05,0.01,0.05
Q0_OPERATING_INCOME,"B4,M3d,M4","1.00,0.00,0.00",0.8117222609802343,0.05,0.01,0.05
Q0_OPERATING_EXPENSES,"B4,M3d,M4","0.75,0.02,0.23",0.9873142444298292,0.05,0.01,0.05
Q0_EBITDA,"B4,M3d,M4","1.00,0.00,0.00",0.9620090482743154,0.05,0.01,0.05
