experiment_id,model_name,feature_set,target_strategy,mean_r2,fold_mean_r2_std,runtime_seconds,notes,r2_Q0_TOTAL_ASSETS,r2_Q0_TOTAL_LIABILITIES,r2_Q0_TOTAL_STOCKHOLDERS_EQUITY,r2_Q0_GROSS_PROFIT,r2_Q0_COST_OF_REVENUES,r2_Q0_REVENUES,r2_Q0_OPERATING_INCOME,r2_Q0_OPERATING_EXPENSES,r2_Q0_EBITDA
M3a_catboost_direct_history_raw,CatBoostRegressor,history_raw,direct,0.4198285567815482,0.08483324436333531,20.2182223000018,CatBoost direct; median_best_iter=60.,0.41101669422266496,0.4587273437965883,0.23177466534519542,0.5558076890076504,0.6174617500304456,0.70477008606864,0.39461591463103773,0.37973677948742335,0.024546088444288405
M3b_catboost_direct_history_industry,CatBoostRegressor,history_industry,direct,0.41846461228377024,0.07670261823264085,171.82135420000122,CatBoost direct; median_best_iter=60.,0.4261662434592771,0.4683877975517349,0.22407256348187765,0.5427209698618318,0.5966755521850144,0.7097945179924663,0.37137330941143165,0.398718067045863,0.02827248956443551
M3c_catboost_direct_history_metadata,CatBoostRegressor,history_metadata,direct,0.4078270894050678,0.06955625167347039,170.92483509999875,CatBoost direct; median_best_iter=60.,0.4072459919349827,0.4360755518912014,0.21740224177570044,0.5399732402868337,0.5940957972326738,0.6958125468787195,0.37314870677786527,0.3840729331556172,0.022616794712016386
M3d_catboost_direct_history_metadata_engineered,CatBoostRegressor,history_metadata_engineered,direct,0.41717238131892204,0.07155538404539608,313.28218560000096,CatBoost direct; median_best_iter=60.,0.418638066956211,0.4384342164699998,0.20808460703200127,0.5434216806039689,0.6432019648871772,0.7204882390641517,0.37723439652895463,0.3742760261504938,0.030772234177339874
M4_catboost_residual_history_metadata_engineered,CatBoostRegressor,history_metadata_engineered,residual,0.7896678489613664,0.19288697160064355,0.0,CatBoost residual; median_best_iter=60.,0.5874850151929785,0.8761952760440881,-0.03789030940185256,0.9826203458607919,0.9648730019875794,0.9731137301391801,0.8115714920574976,0.9870917515756392,0.9619503371963956
