experiment_id,model_name,feature_set,target_strategy,mean_r2,fold_mean_r2_std,runtime_seconds,notes,r2_Q0_TOTAL_ASSETS,r2_Q0_TOTAL_LIABILITIES,r2_Q0_TOTAL_STOCKHOLDERS_EQUITY,r2_Q0_GROSS_PROFIT,r2_Q0_COST_OF_REVENUES,r2_Q0_REVENUES,r2_Q0_OPERATING_INCOME,r2_Q0_OPERATING_EXPENSES,r2_Q0_EBITDA
M3a_catboost_direct_history_raw,CatBoostRegressor,history_raw,direct,0.6067405937539734,0.09807563904510522,44.86934700000029,CatBoost direct; median_best_iter=180.,0.6476593988264299,0.7453204837723766,0.23811881890750541,0.7502654132494783,0.855205401580079,0.8847021367325417,0.5826107615040532,0.5109513871764206,0.2458315420368754
M3b_catboost_direct_history_industry,CatBoostRegressor,history_industry,direct,0.6130293068019381,0.09308191590766172,327.85706249999976,CatBoost direct; median_best_iter=180.,0.6707252094235368,0.7599285928318975,0.26211607990443464,0.7339249277135949,0.8542080828757097,0.8842891981946789,0.570781426866287,0.5185635224841504,0.26272672092315363
M3c_catboost_direct_history_metadata,CatBoostRegressor,history_metadata,direct,0.6083925249170272,0.09552638616833896,324.6684972999997,CatBoost direct; median_best_iter=180.,0.6739763849824987,0.748939998020965,0.2208247457430348,0.7450266222905111,0.8479441256494429,0.8891242987198571,0.5828710386460112,0.5224940863769124,0.24433142382401207
M3d_catboost_direct_history_metadata_engineered,CatBoostRegressor,history_metadata_engineered,direct,0.6146526491749856,0.0931610686682909,553.7525233000006,CatBoost direct; median_best_iter=180.,0.6663110896078218,0.7401347393493953,0.28894061002414184,0.7383312647721187,0.8589771418674707,0.8959838372609211,0.5404908475804537,0.5280855290515423,0.2746187830610044
M4_catboost_residual_history_metadata_engineered,CatBoostRegressor,history_metadata_engineered,residual,0.8376350970876734,0.09036382480825393,0.0,CatBoost residual; median_best_iter=100.,0.7098718155890726,0.9188661828443312,0.22026451648791856,0.9836705649817499,0.9643776971140351,0.9732316430000959,0.8187370133171257,0.9870923790109115,0.9626040614438194
