identity,mean_abs_error,median_abs_error,mean_abs_relative_error,median_abs_relative_error,p95_abs_relative_error
balance_sheet_assets_minus_liabilities_minus_equity,1009191444.7719547,212073946.66137177,0.6928612217059421,0.2178564555753032,1.0639878724096115
gross_profit_revenues_minus_cost_minus_gross_profit,46156938.59705815,11995952.272164615,24.444152647401857,0.1420252721133578,9.00107696410803
operating_income_gross_profit_minus_expenses_minus_operating_income,158675472.41335955,7549155.697519262,3.8095163990040186,0.1241435237675653,5.0694330178624645
