experiment_id,model_name,feature_set,target_strategy,mean_r2,fold_mean_r2_std,runtime_seconds,notes,r2_Q0_TOTAL_ASSETS,r2_Q0_TOTAL_LIABILITIES,r2_Q0_TOTAL_STOCKHOLDERS_EQUITY,r2_Q0_GROSS_PROFIT,r2_Q0_COST_OF_REVENUES,r2_Q0_REVENUES,r2_Q0_OPERATING_INCOME,r2_Q0_OPERATING_EXPENSES,r2_Q0_EBITDA
M6_oof_blend,OOFWeightedBlend,saved_oof_predictions,per_target_oof_blend,0.8491283658094627,0.07407458032794695,0.0,"Per-target OOF blend of B4, M3d and M4.",0.7259305322109342,0.9188661828443312,0.30727956544968404,0.9836705649817499,0.9643776971140351,0.9732316430000959,0.8187370133171257,0.9874580319233894,0.9626040614438194
M7_accounting_postprocess,AccountingPostprocess,saved_oof_predictions,none,0.8491283658094627,0.07407458032794695,0.0,OOF-selected accounting adjustment: none.,0.7259305322109342,0.9188661828443312,0.30727956544968404,0.9836705649817499,0.9643776971140351,0.9732316430000959,0.8187370133171257,0.9874580319233894,0.9626040614438194
