experiment_id,model_name,feature_set,target_strategy,mean_r2,fold_mean_r2_std,runtime_seconds,notes,r2_Q0_TOTAL_ASSETS,r2_Q0_TOTAL_LIABILITIES,r2_Q0_TOTAL_STOCKHOLDERS_EQUITY,r2_Q0_GROSS_PROFIT,r2_Q0_COST_OF_REVENUES,r2_Q0_REVENUES,r2_Q0_OPERATING_INCOME,r2_Q0_OPERATING_EXPENSES,r2_Q0_EBITDA
M6_oof_blend,OOFWeightedBlend,saved_oof_predictions,per_target_oof_blend,0.8572266051577525,0.04904840309149961,5.491926299997431,"Per-target OOF blend of B4, M3, and M4; weights selected on OOF only.",0.7034889702665642,0.911212854578829,0.40086690788760915,0.984133093036147,0.9644480319003591,0.9728831573820925,0.8268065956859505,0.987440990901597,0.9637588447806247
M7_accounting_postprocess,AccountingPostprocess,saved_oof_predictions,none,0.8572266051577525,0.04904840309149961,5.491926299997431,OOF-selected accounting adjustment: none.,0.7034889702665642,0.911212854578829,0.40086690788760915,0.984133093036147,0.9644480319003591,0.9728831573820925,0.8268065956859505,0.987440990901597,0.9637588447806247
