experiment_id,model_name,feature_set,target_strategy,mean_r2,fold_mean_r2_std,runtime_seconds,notes,r2_Q0_TOTAL_ASSETS,r2_Q0_TOTAL_LIABILITIES,r2_Q0_TOTAL_STOCKHOLDERS_EQUITY,r2_Q0_GROSS_PROFIT,r2_Q0_COST_OF_REVENUES,r2_Q0_REVENUES,r2_Q0_OPERATING_INCOME,r2_Q0_OPERATING_EXPENSES,r2_Q0_EBITDA
M1_ridge_history_raw,Ridge,history_raw,direct,0.7206245290978716,0.25432708563960194,8.206216499999755,"Ridge with median imputation, robust scaling and one-hot categorical encoding.",0.8609414372805304,0.8844933898188556,0.5220673080205038,0.8940573439185766,0.8684510848598987,0.8792663732523339,-0.0929292576760754,0.9282378228059308,0.7410352596002894
M2_hgb_history_raw,HistGradientBoostingRegressor,history_raw,direct,0.5992086201991941,0.10840441546864146,0.0,Sklearn nonlinear tree baseline on raw history features.,0.5270836042457729,0.6149186627681296,0.4622576973280028,0.685294191708407,0.7550864842909465,0.8351068182478308,0.5748567280200056,0.6089583742276916,0.3293150209559599
