{
  "experiment_id": "M6_oof_blend",
  "members": [
    "B4",
    "M3d",
    "M4"
  ],
  "selection": "per_target_oof_r2",
  "weights": {
    "Q0_TOTAL_ASSETS": {
      "members": [
        "B4",
        "M3d",
        "M4"
      ],
      "weights": [
        0.0,
        0.34,
        0.66
      ],
      "oof_r2": 0.7259305322109342
    },
    "Q0_TOTAL_LIABILITIES": {
      "members": [
        "B4",
        "M3d",
        "M4"
      ],
      "weights": [
        0.0,
        0.0,
        1.0
      ],
      "oof_r2": 0.9188661828443312
    },
    "Q0_TOTAL_STOCKHOLDERS_EQUITY": {
      "members": [
        "B4",
        "M3d",
        "M4"
      ],
      "weights": [
        0.0,
        0.69,
        0.31
      ],
      "oof_r2": 0.30727956544968404
    },
    "Q0_GROSS_PROFIT": {
      "members": [
        "B4",
        "M3d",
        "M4"
      ],
      "weights": [
        0.0,
        0.0,
        1.0
      ],
      "oof_r2": 0.9836705649817499
    },
    "Q0_COST_OF_REVENUES": {
      "members": [
        "B4",
        "M3d",
        "M4"
      ],
      "weights": [
        0.0,
        0.0,
        1.0
      ],
      "oof_r2": 0.9643776971140351
    },
    "Q0_REVENUES": {
      "members": [
        "B4",
        "M3d",
        "M4"
      ],
      "weights": [
        0.0,
        0.0,
        1.0
      ],
      "oof_r2": 0.9732316430000959
    },
    "Q0_OPERATING_INCOME": {
      "members": [
        "B4",
        "M3d",
        "M4"
      ],
      "weights": [
        0.0,
        0.0,
        1.0
      ],
      "oof_r2": 0.8187370133171257
    },
    "Q0_OPERATING_EXPENSES": {
      "members": [
        "B4",
        "M3d",
        "M4"
      ],
      "weights": [
        0.17,
        0.03,
        0.8
      ],
      "oof_r2": 0.9874580319233894
    },
    "Q0_EBITDA": {
      "members": [
        "B4",
        "M3d",
        "M4"
      ],
      "weights": [
        0.0,
        0.0,
        1.0
      ],
      "oof_r2": 0.9626040614438194
    }
  },
  "timestamp_utc": "2026-06-10T15:44:26.688044+00:00"
}