{
  "experiment_id": "M6_oof_blend",
  "members": [
    "B4",
    "M3d",
    "M4"
  ],
  "selection": "per_target_oof_r2",
  "weights": {
    "Q0_TOTAL_ASSETS": {
      "members": [
        "B4",
        "M3d",
        "M4"
      ],
      "weights": [
        0.0,
        0.24,
        0.76
      ],
      "oof_r2": 0.6069968127271084
    },
    "Q0_TOTAL_LIABILITIES": {
      "members": [
        "B4",
        "M3d",
        "M4"
      ],
      "weights": [
        0.0,
        0.0,
        1.0
      ],
      "oof_r2": 0.8761952760440881
    },
    "Q0_TOTAL_STOCKHOLDERS_EQUITY": {
      "members": [
        "B4",
        "M3d",
        "M4"
      ],
      "weights": [
        0.0,
        0.85,
        0.15
      ],
      "oof_r2": 0.21643240122863616
    },
    "Q0_GROSS_PROFIT": {
      "members": [
        "B4",
        "M3d",
        "M4"
      ],
      "weights": [
        0.0,
        0.0,
        1.0
      ],
      "oof_r2": 0.9826203458607919
    },
    "Q0_COST_OF_REVENUES": {
      "members": [
        "B4",
        "M3d",
        "M4"
      ],
      "weights": [
        0.0,
        0.0,
        1.0
      ],
      "oof_r2": 0.9648730019875794
    },
    "Q0_REVENUES": {
      "members": [
        "B4",
        "M3d",
        "M4"
      ],
      "weights": [
        0.0,
        0.0,
        1.0
      ],
      "oof_r2": 0.9731137301391801
    },
    "Q0_OPERATING_INCOME": {
      "members": [
        "B4",
        "M3d",
        "M4"
      ],
      "weights": [
        1.0,
        0.0,
        0.0
      ],
      "oof_r2": 0.8117222609802343
    },
    "Q0_OPERATING_EXPENSES": {
      "members": [
        "B4",
        "M3d",
        "M4"
      ],
      "weights": [
        0.75,
        0.02,
        0.23
      ],
      "oof_r2": 0.9873142444298292
    },
    "Q0_EBITDA": {
      "members": [
        "B4",
        "M3d",
        "M4"
      ],
      "weights": [
        1.0,
        0.0,
        0.0
      ],
      "oof_r2": 0.9620090482743154
    }
  },
  "timestamp_utc": "2026-06-11T09:03:38.445302+00:00"
}