fold,mean_r2,r2_Q0_TOTAL_ASSETS,r2_Q0_TOTAL_LIABILITIES,r2_Q0_TOTAL_STOCKHOLDERS_EQUITY,r2_Q0_GROSS_PROFIT,r2_Q0_COST_OF_REVENUES,r2_Q0_REVENUES,r2_Q0_OPERATING_INCOME,r2_Q0_OPERATING_EXPENSES,r2_Q0_EBITDA
0,-0.003947080235820059,-0.011713484912405203,-0.0027110680499609074,-0.018052868691864843,-0.001034779020976373,-9.15132014611686e-09,-0.0005640886343940554,-0.000585248637067215,-0.0008385388973777275,-2.3636127014059483e-05
1,-0.012300227469930572,-0.00281374891603714,-0.0002990829908022796,-0.02341085507616092,-0.006561817746140619,-3.163182573828749e-05,-0.0004901789590625594,-0.00011881649969924801,-0.07070918753462108,-0.006266727681113027
2,-0.001852665737096082,-0.002806656608961733,-0.0005397632207191361,-0.008853896912108139,-0.0007776273824431357,-5.477226819539105e-05,-0.00036186098732282623,-0.002181002727623671,-0.0010076593535506273,-9.075217294007842e-05
3,-0.001999491697456341,-0.0022190894602549527,-0.0009724166003088897,-0.003783671044208292,-0.0005294331535685703,-0.0003556816125076523,-0.0003149648946525474,-0.0007607229090214052,-0.0037961396681325255,-0.005263305934452234
4,-0.0023234905954243107,-0.00023482507362992955,-1.374783404828328e-05,-0.001522987789914776,-0.007184953136440297,-0.0005956773705007024,-0.0023927572002051534,-0.00026495391706915505,-0.007835405759651692,-0.0008661072773588074
