fold,mean_r2,r2_Q0_TOTAL_ASSETS,r2_Q0_TOTAL_LIABILITIES,r2_Q0_TOTAL_STOCKHOLDERS_EQUITY,r2_Q0_GROSS_PROFIT,r2_Q0_COST_OF_REVENUES,r2_Q0_REVENUES,r2_Q0_OPERATING_INCOME,r2_Q0_OPERATING_EXPENSES,r2_Q0_EBITDA
0,0.38171578664113937,0.003412367079383416,0.6370114797327227,-0.530791655537113,0.7363950193533457,0.8633057096862508,0.7206232120524603,-0.734721986994114,0.9936417365701778,0.7465661978271407
1,0.8901209180334094,0.978940410663989,0.9827272338514833,0.9700582124579479,0.9242641629676878,0.97807654778624,0.9733599747730114,0.5057369552044029,0.8617853395130852,0.8361394250828378
2,0.5605118556304645,-0.14617440448332775,-0.5609619314077383,0.2084496495740169,0.9298455164395804,0.9648687271420718,0.9524949041578891,0.8821013864360228,0.9765669679956938,0.8374158848199715
3,0.7181249376484168,0.7502413051250504,0.6677247089451555,0.940643469056004,0.9627000029254297,0.7213175033166598,0.811883907446995,0.010791725570188704,0.9256228740098492,0.6721989424404198
4,0.3168688885545504,0.4666897522214235,0.6454787400408921,-0.030296674748065078,-0.2203618139564414,0.766410076277184,0.5138319338296622,0.10626890671136857,0.18912975391166376,0.4146693227032656
